keyword,url,page_name,description,poste_by
DRIVER,https://www.producthunt.com/posts/memegine?utm_source=badge-top-post-badge&utm_medium=badge&utm_souce=badge-memegine,Memegine,Memegine is the only full-text search engine for internet memes allowing you to search through millions of meme images from all places of the internet.,
DRIVER,https://memegine.com/m/memes-cfnr74/p,Oof intensifies,Drivers who watched Final Destination:,/u/$jeric_C137
DRIVER,https://memegine.com/m/memes-n6rcpn/p,Awkward eye contact,Taxi driver: Me:,/u/$Aroxis
DRIVER,https://memegine.com/m/memes-bnwod7/p,"A special, unspoken agreement.",Uber driver: .. Me: . Uber driver: .. Me: 5 stars.,/u/$InfidelCastrato
DRIVER,https://memegine.com/m/memes-c9btan/p,have a nice day sir,Uber driver: doesn't talk to me for entire trip Me: u/moviestusicrme,/u/$Moviesmusicme
DRIVER,https://memegine.com/m/meirl-bk6uls/p,meirl,Uber driver: doesn't say a word the entire car ride Me: You are a good man. Thank you,/u/$Kamilokk
DRIVER,https://memegine.com/m/dankmemes-cuxrfo/p,I serve my fellow drivers,Drivers who report hidden police cars by flashing their lights I serve the Soviet Union,/u/$DrunkOnSocks
DRIVER,https://memegine.com/m/dankmemes-d3ruk8/p,Achievement hunter,DRIVER TESTS POSITIVE FOR EVERY DRUG DURING POLICE STOP By David Brennan On 8/14/18 at 6:53 AM EDT GENDA 9 Hou Did He Get Here? Have every effect applied at the same time,/u/$Deathcofii
DRIVER,https://memegine.com/m/meirl-mx4p4h/p,Meirl,Driver Kind Of Bummed To See Other Car He Been Driving Behind For A While Take Exit Off Highway,/u/$TimeToLoseIt16
DRIVER,https://memegine.com/m/dankmemes-mmcddl/p,Can't drive slow anymore,Driver's license test question: The guy in front of you is driving very slow. What do you do? That one obviously wrong multiple choice answer:,/u/$mistermuesli
